[{
		"version": "1.13.2-alpha-oldBLE",
		"key": {
			"name": "key-2.10.bin",
			"version": "2.10",
			"sha": "030C3B4A87A164CF015304F3498FEA27ADB7380BFEF5CA7DC01C32337B76B11C"
		},
		"led": {
			"name": "led-2.12.bin",
			"version": "2.12",
			"sha": "8BFD4E1686F4373B1570EA3822613E8DCC9E00CE06DBC07892F587A381177EA7"
		},
		"ble": {
			"name": "ble-1.00.bin",
			"version": "1.00",
			"sha": "48389584acaecc90b7ae012760dc6048ee9eb72b254c4619461d2eaf672ea123"
		},
		"date": "Today",
		"require": {
			"obinskit": "1.1.0"
		},
		"warning": {
			"en": [
				"Only proceed if you know EXACTLY what you're doing. You could fuck up your AP2 real bad."
			]
		},
		"describe": {
			"en": [
				"Flashing custom combination of firmwares.",
				"Change version numbers and SHA fields in JSON file to your liking."
			]
		}
	},
	{
		"version": "1.12.8-newLED",
		"key": {
			"name": "key-2.09.bin",
			"version": "2.09",
			"sha": "501b5d70a556370fd7f2c4589aa02a8961e39848b71d57d6548f0c584e9b07d2"
		},
		"led": {
			"name": "led-2.12.bin",
			"version": "2.12",
			"sha": "8BFD4E1686F4373B1570EA3822613E8DCC9E00CE06DBC07892F587A381177EA7"
		},
		"ble": {
			"name": "ble-1.00.bin",
			"version": "1.00",
			"sha": "48389584acaecc90b7ae012760dc6048ee9eb72b254c4619461d2eaf672ea123"
		},
		"date": "Today",
		"require": {
			"obinskit": "1.1.0"
		},
		"warning": {
			"en": [
				"Only proceed if you know EXACTLY what you're doing. You could fuck up your AP2 real bad."
			]
		},
		"describe": {
			"en": [
				"Flashing custom combination of firmwares.",
				"Change version numbers and SHA fields in JSON file to your liking."
			]
		}
	}
]